{
  "environment": {
    "precision": 1.0,
    "recall": 1.0,
    "f1-score": 1.0,
    "support": 6,
    "confused_with": {}
  },
  "general_entity": {
    "precision": 0.9375,
    "recall": 1.0,
    "f1-score": 0.967741935483871,
    "support": 15,
    "confused_with": {}
  },
  "cloud-server": {
    "precision": 1.0,
    "recall": 1.0,
    "f1-score": 1.0,
    "support": 20,
    "confused_with": {}
  },
  "application": {
    "precision": 1.0,
    "recall": 1.0,
    "f1-score": 1.0,
    "support": 3,
    "confused_with": {}
  },
  "step": {
    "precision": 0.0,
    "recall": 0.0,
    "f1-score": 0.0,
    "support": 1,
    "confused_with": {}
  },
  "deployment-platform": {
    "precision": 1.0,
    "recall": 1.0,
    "f1-score": 1.0,
    "support": 17,
    "confused_with": {}
  },
  "micro avg": {
    "precision": 0.9838709677419355,
    "recall": 0.9838709677419355,
    "f1-score": 0.9838709677419355,
    "support": 62
  },
  "macro avg": {
    "precision": 0.8229166666666666,
    "recall": 0.8333333333333334,
    "f1-score": 0.8279569892473119,
    "support": 62
  },
  "weighted avg": {
    "precision": 0.96875,
    "recall": 0.9838709677419355,
    "f1-score": 0.9760665972944849,
    "support": 62
  },
  "accuracy": 0.9953488372093023
}